{
	"format_version": "1.8.0",
	"animations": {
		"walk": {
			"loop": true,
			"animation_length": 1.12,
			"bones": {
				"entity": {
					"rotation": {
						"0.0": {
							"vector": [-5.6524, 2.47162, -4.98558]
						},
						"0.28": {
							"vector": [5, 0, 0]
						},
						"0.56": {
							"vector": [-5.6524, -12.47097, 5.10158]
						},
						"0.84": {
							"vector": [5, 0, 0]
						},
						"1.12": {
							"vector": [-5.65242, 2.47162, -4.98558]
						}
					},
					"position": {
						"0.0": {
							"vector": [0, 0.6, 0]
						},
						"0.28": {
							"vector": [0, 0.7, 0]
						},
						"0.56": {
							"vector": [0, 0.6, 0]
						},
						"0.84": {
							"vector": [0, 0.7, 0]
						},
						"1.12": {
							"vector": [0, 0.6, 0]
						}
					}
				},
				"feet2": {
					"rotation": {
						"0.0": {
							"vector": [0, 0, 5]
						},
						"0.28": {
							"vector": [-0.42939, 7.79711, 2.42647]
						},
						"0.56": {
							"vector": [6.14121, 15.59422, -0.14707]
						},
						"0.84": {
							"vector": [-0.42939, 7.79711, 2.42647]
						},
						"1.12": {
							"vector": [0, 0, 5]
						}
					}
				},
				"feet": {
					"rotation": {
						"0.0": {
							"vector": [6.14121, -15.5942, 0.1471]
						},
						"0.28": {
							"vector": [-0.42939, -7.7971, -2.4265]
						},
						"0.56": {
							"vector": [0, 0, -5]
						},
						"0.84": {
							"vector": [-0.42939, -7.7971, -2.4265]
						},
						"1.12": {
							"vector": [6.14121, -15.5942, 0.1471]
						}
					}
				},
				"head": {
					"rotation": {
						"0.0": {
							"vector": [1, 0, 0]
						},
						"0.28": {
							"vector": [0, 0, 0]
						},
						"0.56": {
							"vector": [1, 0, 0]
						},
						"0.84": {
							"vector": [0, 0, 0]
						},
						"1.12": {
							"vector": [1, 0, 0]
						}
					}
				},
				"wing2": {
					"rotation": {
						"0.0": {
							"vector": [0, 12.5, -37.5]
						},
						"0.56": {
							"vector": [0, -12.5, -37.5]
						},
						"1.12": {
							"vector": [0, 12.5, -37.5]
						}
					}
				},
				"wing": {
					"rotation": {
						"0.0": {
							"vector": [0, 12.5, 37.5]
						},
						"0.56": {
							"vector": [0, -12.5, 37.5]
						},
						"1.12": {
							"vector": [0, 12.5, 37.5]
						}
					}
				}
			}
		},
		"interact": {
			"animation_length": 1.36,
			"bones": {
				"entity": {
					"rotation": {
						"0.0": {
							"vector": [0, 0, 0]
						},
						"0.24": {
							"vector": [0, 0, -10]
						},
						"0.36": {
							"vector": [0, 0, -7.5]
						},
						"0.48": {
							"vector": [0, 0, -10]
						},
						"0.6": {
							"vector": [0, 0, -7.5]
						},
						"0.72": {
							"vector": [0, 0, 0]
						},
						"1.36": {
							"vector": [0, 0, 0]
						}
					},
					"position": {
						"0.0": {
							"vector": [0, 0, 0]
						},
						"0.24": {
							"vector": [-0.6, 0.4, 0]
						},
						"0.36": {
							"vector": [-0.4, 0.35, 0]
						},
						"0.48": {
							"vector": [-0.6, 0.39, 0]
						},
						"0.64": {
							"vector": [-0.45, 0.32, 0]
						},
						"0.72": {
							"vector": [0, 0, 0]
						},
						"1.36": {
							"vector": [0, 0, 0]
						}
					}
				},
				"feet2": {
					"rotation": {
						"0.0": {
							"vector": [0, 0, 0]
						},
						"0.24": {
							"vector": [0, 0, 10]
						},
						"0.6": {
							"vector": [0, 0, 10]
						},
						"0.72": {
							"vector": [0, 0, 0]
						}
					}
				},
				"wing2": {
					"rotation": {
						"vector": [0, 0, -37.5]
					}
				},
				"wing": {
					"rotation": {
						"0.0": {
							"vector": [0, 0, 37.5]
						},
						"0.24": {
							"vector": [0, 0, -52.5]
						},
						"0.36": {
							"vector": [0, 0, 7.5]
						},
						"0.48": {
							"vector": [0, 0, -35]
						},
						"0.6": {
							"vector": [0, 0, 7.5]
						},
						"0.72": {
							"vector": [0, 0, 37.5]
						}
					}
				}
			}
		},
		"sit": {
			"loop": true,
			"bones": {
				"entity": {
					"rotation": {
						"vector": [7.5, 0, 0]
					},
					"position": {
						"vector": [0, 0.1, -0.4]
					}
				},
				"feet2": {
					"rotation": {
						"vector": [-7.5, 0, 0]
					}
				},
				"feet": {
					"rotation": {
						"vector": [-7.5, 0, 0]
					}
				},
				"head": {
					"rotation": {
						"vector": [-10, 0, 0]
					}
				},
				"wing2": {
					"rotation": {
						"vector": [0, 0, -57.5]
					}
				},
				"wing": {
					"rotation": {
						"vector": [0, 0, 57.5]
					}
				}
			}
		},
		"idle": {
			"loop": true,
			"animation_length": 3.64,
			"bones": {
				"head": {
					"rotation": {
						"0.0": {
							"vector": [-2.5, 0, 0]
						},
						"1.88": {
							"vector": [2.5, 0, 0]
						},
						"3.64": {
							"vector": [-2.5, 0, 0]
						}
					}
				},
				"wing2": {
					"rotation": {
						"0.0": {
							"vector": [0, 0, -37.5]
						},
						"1.88": {
							"vector": [0, 0, -42.5]
						},
						"3.64": {
							"vector": [0, 0, -37.5]
						}
					}
				},
				"wing": {
					"rotation": {
						"0.0": {
							"vector": [0, 0, 37.5]
						},
						"1.88": {
							"vector": [0, 0, 42.5]
						},
						"3.64": {
							"vector": [0, 0, 37.5]
						}
					}
				}
			}
		}
	},
	"geckolib_format_version": 2
}