{
	"format_version": "1.8.0",
	"animations": {
		"sit": {
			"loop": true,
			"animation_length": 19.08,
			"bones": {
				"wing": {
					"rotation": {
						"vector": [79.72803, -30.6259, -42.5797]
					}
				},
				"wing2": {
					"rotation": {
						"vector": [79.72803, 30.6259, 42.5797]
					}
				},
				"eye": {
					"position": {
						"0.0": {
							"vector": [-1, 0, 1]
						},
						"4.72": {
							"vector": [1, 0, 0]
						},
						"9.76": {
							"vector": [1, 0, 1]
						},
						"14.52": {
							"vector": [0, 0, 0]
						},
						"19.08": {
							"vector": [-1, 0, 1]
						}
					}
				},
				"entity": {
					"position": {
						"vector": [0, -5, 0]
					}
				}
			}
		},
		"fly": {
			"loop": true,
			"animation_length": 1.24,
			"bones": {
				"body": {
					"rotation": {
						"0.0": {
							"vector": [42.60882, -3.68425, -3.38262]
						},
						"0.16": {
							"vector": [30, 0, 0]
						},
						"0.2": {
							"vector": [25, 0, 0]
						},
						"0.32": {
							"vector": [35.60334, 4.06883, 2.90841]
						},
						"0.4": {
							"vector": [42.5, 0, 0]
						},
						"0.56": {
							"vector": [30.09468, -4.32875, -2.50477]
						},
						"0.6": {
							"vector": [25.0209, -2.26564, -1.0571]
						},
						"0.8": {
							"vector": [42.60882, 3.68425, 3.38262]
						},
						"0.96": {
							"vector": [30, 0, 0]
						},
						"1.0": {
							"vector": [25, 0, 0]
						},
						"1.24": {
							"vector": [42.60882, -3.68425, -3.38262]
						}
					},
					"position": {
						"0.0": {
							"vector": [0, 0, 0]
						},
						"0.16": {
							"vector": [0, 1, 0]
						},
						"0.2": {
							"vector": [0, 1.5, 0]
						},
						"0.4": {
							"vector": [0, 0, 0]
						},
						"0.56": {
							"vector": [0, 1, 0]
						},
						"0.6": {
							"vector": [0, 1.5, 0]
						},
						"0.8": {
							"vector": [0, 0, 0]
						},
						"0.96": {
							"vector": [0, 1, 0]
						},
						"1.0": {
							"vector": [0, 1.5, 0]
						},
						"1.24": {
							"vector": [0, 0, 0]
						}
					}
				},
				"wing": {
					"rotation": {
						"0.0": {
							"vector": [165.86603, 10.8442, 19.51661]
						},
						"0.2": {
							"vector": [0, 0, 0]
						},
						"0.24": {
							"vector": [0, 0, 0]
						},
						"0.4": {
							"vector": [100.15108, 9.84655, 1.75378]
						},
						"0.44": {
							"vector": [165.86603, 10.8442, 19.51661]
						},
						"0.64": {
							"vector": [0, 0, 0]
						},
						"0.8": {
							"vector": [100.15108, 9.84655, 1.75378]
						},
						"0.84": {
							"vector": [165.86603, 10.8442, 19.51661]
						},
						"1.04": {
							"vector": [0, 0, 0]
						},
						"1.2": {
							"vector": [100.15108, 9.84655, 1.75378]
						},
						"1.24": {
							"vector": [165.86603, 10.8442, 19.51661]
						}
					}
				},
				"wing2": {
					"rotation": {
						"0.0": {
							"vector": [165.86603, -10.8442, -19.5166]
						},
						"0.2": {
							"vector": [0, 0, 0]
						},
						"0.24": {
							"vector": [0, 0, 0]
						},
						"0.4": {
							"vector": [100.15108, -9.8466, -1.7538]
						},
						"0.44": {
							"vector": [165.86603, -10.8442, -19.5166]
						},
						"0.64": {
							"vector": [0, 0, 0]
						},
						"0.8": {
							"vector": [100.15108, -9.8466, -1.7538]
						},
						"0.84": {
							"vector": [165.86603, -10.8442, -19.5166]
						},
						"1.04": {
							"vector": [0, 0, 0]
						},
						"1.2": {
							"vector": [100.15108, -9.8466, -1.7538]
						},
						"1.24": {
							"vector": [165.86603, -10.8442, -19.5166]
						}
					}
				},
				"lower": {
					"rotation": {
						"0.0": {
							"vector": [2.5, 0, 0]
						},
						"0.16": {
							"vector": [-12.5, 0, 0]
						},
						"0.2": {
							"vector": [-17.5, 0, 0]
						},
						"0.4": {
							"vector": [2.5, 0, 0]
						},
						"0.56": {
							"vector": [-12.5, 0, 0]
						},
						"0.6": {
							"vector": [-17.5, 0, 0]
						},
						"0.8": {
							"vector": [2.5, 0, 0]
						},
						"1.0": {
							"vector": [-12.5, 0, 0]
						},
						"1.08": {
							"vector": [-17.5, 0, 0]
						},
						"1.24": {
							"vector": [2.5, 0, 0]
						}
					}
				},
				"upper": {
					"rotation": {
						"0.0": {
							"vector": [-75, 0, 0]
						},
						"0.16": {
							"vector": [-27.5, 0, 0]
						},
						"0.2": {
							"vector": [-12.92, 0, 0]
						},
						"0.4": {
							"vector": [-75, 0, 0]
						},
						"0.56": {
							"vector": [-27.5, 0, 0]
						},
						"0.6": {
							"vector": [-12.92, 0, 0]
						},
						"0.8": {
							"vector": [-75, 0, 0]
						},
						"1.0": {
							"vector": [-27.5, 0, 0]
						},
						"1.08": {
							"vector": [-12.92, 0, 0]
						},
						"1.24": {
							"vector": [-75, 0, 0]
						}
					}
				},
				"eye": {
					"position": {
						"0.0": {
							"vector": [-1, 0, 1]
						},
						"0.28": {
							"vector": [1, 0, 0]
						},
						"0.56": {
							"vector": [1, 0, 1]
						},
						"0.88": {
							"vector": [0, 0, 0]
						},
						"1.24": {
							"vector": [-1, 0, 1]
						}
					}
				}
			}
		},
		"idle_fly": {
			"loop": true,
			"animation_length": 1.24,
			"bones": {
				"body": {
					"rotation": {
						"0.0": {
							"vector": [42.60882, 3.68425, 3.38262]
						},
						"0.16": {
							"vector": [29.97638, 1.2497, -2.16541]
						},
						"0.2": {
							"vector": [24.91643, 2.11089, -4.53359]
						},
						"0.4": {
							"vector": [42.39121, -3.37562, 3.69066]
						},
						"0.56": {
							"vector": [29.97638, 1.2497, -2.16541]
						},
						"0.6": {
							"vector": [24.97911, 1.05627, -2.26603]
						},
						"0.8": {
							"vector": [42.5, 0, 0]
						},
						"0.96": {
							"vector": [30, 0, 0]
						},
						"1.0": {
							"vector": [25, 0, 0]
						},
						"1.16": {
							"vector": [42.5, 0, 0]
						},
						"1.24": {
							"vector": [42.60882, 3.68425, 3.38262]
						}
					},
					"position": {
						"0.0": {
							"vector": [0, 0, 0]
						},
						"0.16": {
							"vector": [0, 1, 0]
						},
						"0.2": {
							"vector": [0, 1.5, 0]
						},
						"0.4": {
							"vector": [0, 0, 0]
						},
						"0.56": {
							"vector": [0, 1, 0]
						},
						"0.6": {
							"vector": [0, 1.5, 0]
						},
						"0.8": {
							"vector": [0, 0, 0]
						},
						"0.96": {
							"vector": [0, 1, 0]
						},
						"1.0": {
							"vector": [0, 1.5, 0]
						},
						"1.08": {
							"vector": [0, 3, 0]
						},
						"1.16": {
							"vector": [0, 2.25, 0]
						},
						"1.24": {
							"vector": [0, 0, 0]
						}
					}
				},
				"eye": {
					"position": {
						"0.0": {
							"vector": [-1, 0, 1]
						},
						"0.28": {
							"vector": [1, 0, 0]
						},
						"0.56": {
							"vector": [1, 0, 1]
						},
						"0.88": {
							"vector": [0, 0, 0]
						},
						"1.24": {
							"vector": [-1, 0, 1]
						}
					}
				},
				"wing": {
					"rotation": {
						"0.0": {
							"vector": [0, 0, 0]
						},
						"0.16": {
							"vector": [100.15108, 9.84655, 1.75378]
						},
						"0.2": {
							"vector": [165.86603, 10.8442, 19.51661]
						},
						"0.4": {
							"vector": [0, 0, 0]
						},
						"0.56": {
							"vector": [100.15108, 9.84655, 1.75378]
						},
						"0.6": {
							"vector": [165.86603, 10.8442, 19.51661]
						},
						"0.8": {
							"vector": [0, 0, 0]
						},
						"0.96": {
							"vector": [100.15108, 9.84655, 1.75378]
						},
						"1.0": {
							"vector": [165.86603, 10.8442, 19.51661]
						},
						"1.2": {
							"vector": [0, 0, 0]
						}
					}
				},
				"wing2": {
					"rotation": {
						"0.0": {
							"vector": [0, 0, 0]
						},
						"0.16": {
							"vector": [100.15108, -9.8466, -1.7538]
						},
						"0.2": {
							"vector": [165.86603, -10.8442, -19.5166]
						},
						"0.4": {
							"vector": [0, 0, 0]
						},
						"0.56": {
							"vector": [100.15108, -9.8466, -1.7538]
						},
						"0.6": {
							"vector": [165.86603, -10.8442, -19.5166]
						},